{"cameraMode":{"drawMode":0,"name":"Shaded","section":"Shading Mode"},"sceneLighting":false,"audioPlay":false,"sceneViewState":{"m_AlwaysRefresh":false,"showFog":true,"showSkybox":true,"showFlares":true,"showImageEffects":true,"showParticleSystems":true,"showVisualEffectGraphs":true,"m_FxEnabled":false},"in2DMode":false,"pivot":{"x":-1.7596797943115235,"y":-0.7604188919067383,"z":2.5694828033447267},"rotation":{"x":-0.10664840787649155,"y":0.8721286058425903,"z":-0.21926598250865937,"w":-0.42419323325157168},"size":16.22852897644043,"orthographic":false}